{
  "accuracy": 0.979372197309417,
  "precision": 1.0,
  "recall": 0.8456375838926175,
  "f1": 0.9163636363636364
}